schedule,position,delay_ms,repetition,seed,role
randomized_seed303,1,0,1,303,validation
randomized_seed303,2,40,1,303,validation
randomized_seed303,3,40,2,303,validation
randomized_seed303,4,5,1,303,validation
randomized_seed303,5,5,2,303,validation
randomized_seed303,6,30,1,303,validation
randomized_seed303,7,0,2,303,validation
randomized_seed303,8,10,1,303,validation
randomized_seed303,9,25,1,303,validation
randomized_seed303,10,20,1,303,validation
randomized_seed303,11,25,2,303,validation
randomized_seed303,12,0,3,303,validation
randomized_seed303,13,10,2,303,validation
randomized_seed303,14,35,1,303,validation
randomized_seed303,15,35,2,303,validation
randomized_seed303,16,1,1,303,validation
randomized_seed303,17,5,3,303,validation
randomized_seed303,18,20,2,303,validation
randomized_seed303,19,2,1,303,validation
randomized_seed303,20,35,3,303,validation
randomized_seed303,21,2,2,303,validation
randomized_seed303,22,15,1,303,validation
randomized_seed303,23,1,2,303,validation
randomized_seed303,24,15,2,303,validation
randomized_seed303,25,15,3,303,validation
randomized_seed303,26,30,2,303,validation
randomized_seed303,27,30,3,303,validation
randomized_seed303,28,25,3,303,validation
randomized_seed303,29,40,3,303,validation
randomized_seed303,30,20,3,303,validation
randomized_seed303,31,1,3,303,validation
randomized_seed303,32,10,3,303,validation
randomized_seed303,33,2,3,303,validation
