sample_id,schedule,position,delay_ms,repetition,role,seed,ops_link_rtt_avg_ms,twin_link_rtt_avg_ms,link_delta_ms,ops_e2e_rtt_avg_ms,twin_e2e_rtt_avg_ms,corrected_prediction_ms,corrected_residual_ms,operational_unsafe_latency,route_match
abrupt_shift-pos-001-delay-0ms-rep-1,abrupt_shift,1,0.0,1,validation,,0.144,0.121,0.022999999999999993,0.136,0.132,0.155,-0.01899999999999999,False,True
abrupt_shift-pos-002-delay-1ms-rep-1,abrupt_shift,2,1.0,1,validation,,6.695,0.136,6.559,6.029,0.13,6.689,-0.6600000000000001,False,True
abrupt_shift-pos-003-delay-2ms-rep-1,abrupt_shift,3,2.0,1,validation,,7.808,0.132,7.676,7.355,0.143,7.819,-0.4639999999999995,False,True
abrupt_shift-pos-004-delay-5ms-rep-1,abrupt_shift,4,5.0,1,validation,,14.027,0.13,13.896999999999998,13.941,0.154,14.050999999999998,-0.10999999999999766,False,True
abrupt_shift-pos-005-delay-10ms-rep-1,abrupt_shift,5,10.0,1,validation,,26.503,0.126,26.377,26.028,0.152,26.529,-0.5010000000000012,False,True
abrupt_shift-pos-006-delay-0ms-rep-2,abrupt_shift,6,0.0,2,validation,,0.142,0.142,0.0,0.132,0.141,0.141,-0.00899999999999998,False,True
abrupt_shift-pos-007-delay-1ms-rep-2,abrupt_shift,7,1.0,2,validation,,5.961,0.14,5.821000000000001,6.435,0.144,5.965000000000001,0.46999999999999886,False,True
abrupt_shift-pos-008-delay-2ms-rep-2,abrupt_shift,8,2.0,2,validation,,7.92,0.134,7.786,7.534,0.128,7.914,-0.3799999999999999,False,True
abrupt_shift-pos-009-delay-5ms-rep-2,abrupt_shift,9,5.0,2,validation,,13.717,0.129,13.588000000000001,14.005,0.143,13.731000000000002,0.27399999999999913,False,True
abrupt_shift-pos-010-delay-10ms-rep-2,abrupt_shift,10,10.0,2,validation,,27.6,0.136,27.464000000000002,26.899,0.134,27.598000000000003,-0.6990000000000016,False,True
abrupt_shift-pos-011-delay-0ms-rep-3,abrupt_shift,11,0.0,3,validation,,0.122,0.128,-0.006000000000000005,0.132,0.123,0.123,0.009000000000000008,False,True
abrupt_shift-pos-012-delay-1ms-rep-3,abrupt_shift,12,1.0,3,validation,,6.452,0.13,6.322,6.01,0.15,6.472,-0.46200000000000063,False,True
abrupt_shift-pos-013-delay-2ms-rep-3,abrupt_shift,13,2.0,3,validation,,8.018,0.141,7.877000000000001,8.097,0.144,8.021,0.07599999999999874,False,True
abrupt_shift-pos-014-delay-5ms-rep-3,abrupt_shift,14,5.0,3,validation,,13.983,0.121,13.862,14.017,0.138,14.0,0.01699999999999946,False,True
abrupt_shift-pos-015-delay-10ms-rep-3,abrupt_shift,15,10.0,3,validation,,24.682,0.128,24.554,25.304,0.136,24.689999999999998,0.6140000000000008,False,True
abrupt_shift-pos-016-delay-25ms-rep-1,abrupt_shift,16,25.0,1,validation,,58.837,0.134,58.703,62.037,0.158,58.861000000000004,3.175999999999995,True,True
abrupt_shift-pos-017-delay-30ms-rep-1,abrupt_shift,17,30.0,1,validation,,72.04,0.181,71.85900000000001,72.518,0.144,72.00300000000001,0.5149999999999864,True,True
abrupt_shift-pos-018-delay-35ms-rep-1,abrupt_shift,18,35.0,1,validation,,80.451,0.125,80.326,80.91,0.132,80.458,0.4519999999999982,True,True
abrupt_shift-pos-019-delay-40ms-rep-1,abrupt_shift,19,40.0,1,validation,,92.508,0.135,92.37299999999999,93.089,0.148,92.52099999999999,0.568000000000012,True,True
abrupt_shift-pos-020-delay-30ms-rep-2,abrupt_shift,20,30.0,2,validation,,72.403,0.167,72.236,70.498,0.142,72.378,-1.8799999999999955,True,True
abrupt_shift-pos-021-delay-25ms-rep-2,abrupt_shift,21,25.0,2,validation,,64.031,0.131,63.900000000000006,60.184,0.153,64.05300000000001,-3.869000000000014,True,True
abrupt_shift-pos-022-delay-30ms-rep-3,abrupt_shift,22,30.0,3,validation,,71.769,0.129,71.64,70.548,0.134,71.774,-1.225999999999999,True,True
abrupt_shift-pos-023-delay-35ms-rep-2,abrupt_shift,23,35.0,2,validation,,81.848,0.131,81.717,80.582,0.152,81.869,-1.2870000000000061,True,True
abrupt_shift-pos-024-delay-40ms-rep-2,abrupt_shift,24,40.0,2,validation,,89.462,0.13,89.33200000000001,92.355,0.151,89.483,2.872,True,True
abrupt_shift-pos-025-delay-30ms-rep-4,abrupt_shift,25,30.0,4,validation,,70.129,0.121,70.00800000000001,73.091,0.137,70.14500000000001,2.9459999999999837,True,True
abrupt_shift-pos-026-delay-25ms-rep-3,abrupt_shift,26,25.0,3,validation,,62.061,0.135,61.926,62.368,0.131,62.057,0.31099999999999994,True,True
abrupt_shift-pos-027-delay-30ms-rep-5,abrupt_shift,27,30.0,5,validation,,71.761,0.13,71.631,70.534,0.144,71.775,-1.2409999999999997,True,True
abrupt_shift-pos-028-delay-35ms-rep-3,abrupt_shift,28,35.0,3,validation,,82.141,0.126,82.015,81.095,0.144,82.159,-1.0640000000000072,True,True
abrupt_shift-pos-029-delay-40ms-rep-3,abrupt_shift,29,40.0,3,validation,,89.479,0.119,89.36,91.703,0.138,89.498,2.2049999999999983,True,True
abrupt_shift-pos-030-delay-30ms-rep-6,abrupt_shift,30,30.0,6,validation,,72.355,0.131,72.224,70.633,0.164,72.388,-1.7550000000000097,True,True
abrupt_shift-pos-031-delay-10ms-rep-4,abrupt_shift,31,10.0,4,validation,,26.725,0.125,26.6,25.817,0.148,26.748,-0.9310000000000009,False,True
abrupt_shift-pos-032-delay-5ms-rep-4,abrupt_shift,32,5.0,4,validation,,13.976,0.123,13.853000000000002,13.862,0.141,13.994000000000002,-0.13200000000000145,False,True
abrupt_shift-pos-033-delay-2ms-rep-4,abrupt_shift,33,2.0,4,validation,,7.863,0.132,7.731000000000001,7.61,0.145,7.876,-0.266,False,True
abrupt_shift-pos-034-delay-1ms-rep-4,abrupt_shift,34,1.0,4,validation,,6.151,0.133,6.018,6.061,0.143,6.161,-0.09999999999999964,False,True
abrupt_shift-pos-035-delay-0ms-rep-4,abrupt_shift,35,0.0,4,validation,,0.153,0.128,0.024999999999999994,0.152,0.143,0.16799999999999998,-0.015999999999999986,False,True
abrupt_shift-pos-036-delay-10ms-rep-5,abrupt_shift,36,10.0,5,validation,,26.398,0.125,26.273,26.072,0.153,26.426,-0.3539999999999992,False,True
abrupt_shift-pos-037-delay-5ms-rep-5,abrupt_shift,37,5.0,5,validation,,13.706,0.141,13.565,13.781,0.151,13.716,0.06500000000000128,False,True
abrupt_shift-pos-038-delay-2ms-rep-5,abrupt_shift,38,2.0,5,validation,,7.588,0.139,7.449,7.592,0.145,7.593999999999999,-0.0019999999999997797,False,True
abrupt_shift-pos-039-delay-1ms-rep-5,abrupt_shift,39,1.0,5,validation,,6.406,0.149,6.257,6.41,0.135,6.3919999999999995,0.018000000000000682,False,True
abrupt_shift-pos-040-delay-0ms-rep-5,abrupt_shift,40,0.0,5,validation,,0.124,0.144,-0.01999999999999999,0.16,0.138,0.138,0.021999999999999992,False,True
abrupt_shift-pos-041-delay-10ms-rep-6,abrupt_shift,41,10.0,6,validation,,27.093,0.139,26.954,26.021,0.151,27.105,-1.0839999999999996,False,True
abrupt_shift-pos-042-delay-5ms-rep-6,abrupt_shift,42,5.0,6,validation,,13.687,0.127,13.559999999999999,14.216,0.151,13.710999999999999,0.5050000000000008,False,True
abrupt_shift-pos-043-delay-2ms-rep-6,abrupt_shift,43,2.0,6,validation,,7.882,0.12,7.762,7.453,0.147,7.909,-0.4559999999999995,False,True
abrupt_shift-pos-044-delay-1ms-rep-6,abrupt_shift,44,1.0,6,validation,,6.341,0.128,6.213,6.169,0.142,6.355,-0.18600000000000083,False,True
abrupt_shift-pos-045-delay-0ms-rep-6,abrupt_shift,45,0.0,6,validation,,0.126,0.129,-0.0030000000000000027,0.155,0.137,0.137,0.017999999999999988,False,True
calibration_seed77-pos-001-delay-1ms-rep-1,calibration_seed77,1,1.0,1,calibration,77,5.547,0.127,5.42,6.201,0.135,5.555,0.6459999999999999,False,True
calibration_seed77-pos-002-delay-15ms-rep-1,calibration_seed77,2,15.0,1,calibration,77,35.621,0.103,35.518,35.15,0.128,35.646,-0.4960000000000022,False,True
calibration_seed77-pos-003-delay-10ms-rep-1,calibration_seed77,3,10.0,1,calibration,77,23.751,0.119,23.632,23.635,0.129,23.761000000000003,-0.12600000000000122,False,True
calibration_seed77-pos-004-delay-0ms-rep-1,calibration_seed77,4,0.0,1,calibration,77,0.124,0.134,-0.010000000000000009,0.144,0.133,0.133,0.010999999999999982,False,True
calibration_seed77-pos-005-delay-5ms-rep-1,calibration_seed77,5,5.0,1,calibration,77,12.264,0.105,12.158999999999999,12.299,0.113,12.271999999999998,0.027000000000001023,False,True
calibration_seed77-pos-006-delay-35ms-rep-1,calibration_seed77,6,35.0,1,calibration,77,76.965,0.133,76.83200000000001,76.521,0.138,76.97000000000001,-0.4490000000000123,True,True
calibration_seed77-pos-007-delay-20ms-rep-1,calibration_seed77,7,20.0,1,calibration,77,47.642,0.154,47.488,45.932,0.11,47.598,-1.6659999999999968,False,True
calibration_seed77-pos-008-delay-0ms-rep-2,calibration_seed77,8,0.0,2,calibration,77,0.138,0.125,0.013000000000000012,0.138,0.135,0.14800000000000002,-0.010000000000000009,False,True
calibration_seed77-pos-009-delay-1ms-rep-2,calibration_seed77,9,1.0,2,calibration,77,6.208,0.123,6.085,5.949,0.117,6.202,-0.2530000000000001,False,True
calibration_seed77-pos-010-delay-2ms-rep-1,calibration_seed77,10,2.0,1,calibration,77,7.191,0.121,7.07,6.808,0.139,7.2090000000000005,-0.4010000000000007,False,True
calibration_seed77-pos-011-delay-2ms-rep-2,calibration_seed77,11,2.0,2,calibration,77,7.02,0.116,6.904,6.941,0.127,7.031,-0.08999999999999986,False,True
calibration_seed77-pos-012-delay-15ms-rep-2,calibration_seed77,12,15.0,2,calibration,77,35.415,0.114,35.301,34.412,0.136,35.437000000000005,-1.0250000000000057,False,True
calibration_seed77-pos-013-delay-10ms-rep-2,calibration_seed77,13,10.0,2,calibration,77,24.2,0.128,24.072,24.089,0.136,24.208,-0.11899999999999977,False,True
calibration_seed77-pos-014-delay-40ms-rep-1,calibration_seed77,14,40.0,1,calibration,77,86.981,0.123,86.85799999999999,86.934,0.141,86.999,-0.06499999999999773,True,True
calibration_seed77-pos-015-delay-25ms-rep-1,calibration_seed77,15,25.0,1,calibration,77,56.539,0.115,56.424,56.72,0.139,56.563,0.15699999999999648,True,True
calibration_seed77-pos-016-delay-35ms-rep-2,calibration_seed77,16,35.0,2,calibration,77,76.081,0.124,75.95700000000001,76.76,0.142,76.099,0.6610000000000014,True,True
calibration_seed77-pos-017-delay-5ms-rep-2,calibration_seed77,17,5.0,2,calibration,77,12.196,0.097,12.099,12.144,0.144,12.243,-0.0990000000000002,False,True
calibration_seed77-pos-018-delay-30ms-rep-1,calibration_seed77,18,30.0,1,calibration,77,67.38,0.128,67.252,66.968,0.133,67.38499999999999,-0.4169999999999874,True,True
calibration_seed77-pos-019-delay-25ms-rep-2,calibration_seed77,19,25.0,2,calibration,77,57.825,0.114,57.711000000000006,57.044,0.115,57.82600000000001,-0.7820000000000107,True,True
calibration_seed77-pos-020-delay-20ms-rep-2,calibration_seed77,20,20.0,2,calibration,77,46.404,0.118,46.286,46.059,0.118,46.404,-0.34500000000000597,False,True
calibration_seed77-pos-021-delay-40ms-rep-2,calibration_seed77,21,40.0,2,calibration,77,87.351,0.127,87.224,86.947,0.141,87.36500000000001,-0.41800000000000637,True,True
calibration_seed77-pos-022-delay-30ms-rep-2,calibration_seed77,22,30.0,2,calibration,77,66.941,0.125,66.816,66.751,0.136,66.952,-0.2009999999999934,True,True
randomized_seed101-pos-001-delay-15ms-rep-1,randomized_seed101,1,15.0,1,validation,101,34.62,0.123,34.497,39.511,0.126,34.623,4.888000000000005,False,True
randomized_seed101-pos-002-delay-25ms-rep-1,randomized_seed101,2,25.0,1,validation,101,62.902,0.091,62.811,64.124,0.103,62.914,1.2099999999999937,True,True
randomized_seed101-pos-003-delay-0ms-rep-1,randomized_seed101,3,0.0,1,validation,101,0.075,0.084,-0.009000000000000008,0.125,0.121,0.121,0.0040000000000000036,False,True
randomized_seed101-pos-004-delay-10ms-rep-1,randomized_seed101,4,10.0,1,validation,101,26.135,0.095,26.040000000000003,26.64,0.101,26.141000000000002,0.4989999999999988,False,True
randomized_seed101-pos-005-delay-1ms-rep-1,randomized_seed101,5,1.0,1,validation,101,6.347,0.117,6.23,5.575,0.134,6.364000000000001,-0.7890000000000006,False,True
randomized_seed101-pos-006-delay-0ms-rep-2,randomized_seed101,6,0.0,2,validation,101,0.131,0.119,0.01200000000000001,0.129,0.117,0.129,0.0,False,True
randomized_seed101-pos-007-delay-5ms-rep-1,randomized_seed101,7,5.0,1,validation,101,13.285,0.124,13.161,13.646,0.129,13.29,0.35600000000000165,False,True
randomized_seed101-pos-008-delay-35ms-rep-1,randomized_seed101,8,35.0,1,validation,101,81.093,0.117,80.976,84.437,0.137,81.113,3.323999999999998,True,True
randomized_seed101-pos-009-delay-2ms-rep-1,randomized_seed101,9,2.0,1,validation,101,7.685,0.132,7.553,7.239,0.14,7.693,-0.45399999999999974,False,True
randomized_seed101-pos-010-delay-5ms-rep-2,randomized_seed101,10,5.0,2,validation,101,13.85,0.129,13.721,14.227,0.134,13.855,0.3719999999999999,False,True
randomized_seed101-pos-011-delay-35ms-rep-2,randomized_seed101,11,35.0,2,validation,101,82.856,0.125,82.731,84.136,0.152,82.883,1.2530000000000001,True,True
randomized_seed101-pos-012-delay-20ms-rep-1,randomized_seed101,12,20.0,1,validation,101,51.594,0.127,51.467,51.616,0.146,51.613,0.0030000000000001137,True,True
randomized_seed101-pos-013-delay-40ms-rep-1,randomized_seed101,13,40.0,1,validation,101,90.503,0.141,90.362,91.614,0.149,90.511,1.1030000000000086,True,True
randomized_seed101-pos-014-delay-2ms-rep-2,randomized_seed101,14,2.0,2,validation,101,7.968,0.126,7.842,7.845,0.141,7.983,-0.1379999999999999,False,True
randomized_seed101-pos-015-delay-25ms-rep-2,randomized_seed101,15,25.0,2,validation,101,61.58,0.126,61.454,61.72,0.144,61.598,0.12199999999999989,True,True
randomized_seed101-pos-016-delay-15ms-rep-2,randomized_seed101,16,15.0,2,validation,101,38.462,0.14,38.322,38.357,0.147,38.469,-0.11200000000000188,False,True
randomized_seed101-pos-017-delay-20ms-rep-2,randomized_seed101,17,20.0,2,validation,101,51.494,0.151,51.342999999999996,50.951,0.142,51.485,-0.5339999999999989,True,True
randomized_seed101-pos-018-delay-30ms-rep-1,randomized_seed101,18,30.0,1,validation,101,72.819,0.13,72.68900000000001,70.548,0.154,72.843,-2.2950000000000017,True,True
randomized_seed101-pos-019-delay-2ms-rep-3,randomized_seed101,19,2.0,3,validation,101,7.82,0.126,7.694,7.574,0.141,7.835,-0.2610000000000001,False,True
randomized_seed101-pos-020-delay-30ms-rep-2,randomized_seed101,20,30.0,2,validation,101,71.868,0.123,71.74499999999999,73.081,0.139,71.88399999999999,1.197000000000017,True,True
randomized_seed101-pos-021-delay-40ms-rep-2,randomized_seed101,21,40.0,2,validation,101,92.728,0.129,92.59899999999999,92.771,0.146,92.74499999999999,0.02600000000001046,True,True
randomized_seed101-pos-022-delay-10ms-rep-2,randomized_seed101,22,10.0,2,validation,101,25.394,0.127,25.267,27.145,0.139,25.406,1.7390000000000008,False,True
randomized_seed101-pos-023-delay-10ms-rep-3,randomized_seed101,23,10.0,3,validation,101,26.701,0.133,26.568,26.348,0.141,26.709,-0.36100000000000065,False,True
randomized_seed101-pos-024-delay-35ms-rep-3,randomized_seed101,24,35.0,3,validation,101,82.794,0.118,82.676,78.937,0.127,82.803,-3.8659999999999997,True,True
randomized_seed101-pos-025-delay-25ms-rep-3,randomized_seed101,25,25.0,3,validation,101,60.321,0.124,60.196999999999996,61.802,0.139,60.336,1.466000000000001,True,True
randomized_seed101-pos-026-delay-30ms-rep-3,randomized_seed101,26,30.0,3,validation,101,70.6,0.126,70.47399999999999,69.843,0.151,70.62499999999999,-0.7819999999999823,True,True
randomized_seed101-pos-027-delay-20ms-rep-3,randomized_seed101,27,20.0,3,validation,101,51.208,0.138,51.07,50.124,0.147,51.217,-1.0929999999999964,True,True
randomized_seed101-pos-028-delay-15ms-rep-3,randomized_seed101,28,15.0,3,validation,101,38.63,0.143,38.487,40.371,0.129,38.616,1.7550000000000026,False,True
randomized_seed101-pos-029-delay-40ms-rep-3,randomized_seed101,29,40.0,3,validation,101,89.922,0.11,89.812,91.524,0.137,89.949,1.5750000000000028,True,True
randomized_seed101-pos-030-delay-1ms-rep-2,randomized_seed101,30,1.0,2,validation,101,6.358,0.133,6.225,5.974,0.122,6.3469999999999995,-0.37299999999999933,False,True
randomized_seed101-pos-031-delay-5ms-rep-3,randomized_seed101,31,5.0,3,validation,101,13.798,0.134,13.664,13.889,0.15,13.814,0.07499999999999929,False,True
randomized_seed101-pos-032-delay-0ms-rep-3,randomized_seed101,32,0.0,3,validation,101,0.141,0.125,0.015999999999999986,0.177,0.136,0.152,0.024999999999999994,False,True
randomized_seed101-pos-033-delay-1ms-rep-3,randomized_seed101,33,1.0,3,validation,101,5.965,0.141,5.824,5.902,0.143,5.967,-0.0649999999999995,False,True
randomized_seed202-pos-001-delay-30ms-rep-1,randomized_seed202,1,30.0,1,validation,202,71.76,0.127,71.63300000000001,71.472,0.142,71.775,-0.3030000000000115,True,True
randomized_seed202-pos-002-delay-0ms-rep-1,randomized_seed202,2,0.0,1,validation,202,0.143,0.13,0.012999999999999984,0.135,0.141,0.15399999999999997,-0.01899999999999996,False,True
randomized_seed202-pos-003-delay-2ms-rep-1,randomized_seed202,3,2.0,1,validation,202,7.541,0.134,7.407,7.628,0.151,7.558,0.07000000000000028,False,True
randomized_seed202-pos-004-delay-10ms-rep-1,randomized_seed202,4,10.0,1,validation,202,27.022,0.126,26.895999999999997,27.066,0.137,27.032999999999998,0.03300000000000125,False,True
randomized_seed202-pos-005-delay-0ms-rep-2,randomized_seed202,5,0.0,2,validation,202,0.142,0.137,0.004999999999999977,0.159,0.133,0.13799999999999998,0.02100000000000002,False,True
randomized_seed202-pos-006-delay-35ms-rep-1,randomized_seed202,6,35.0,1,validation,202,82.964,0.138,82.826,82.501,0.145,82.97099999999999,-0.46999999999998465,True,True
randomized_seed202-pos-007-delay-1ms-rep-1,randomized_seed202,7,1.0,1,validation,202,6.588,0.13,6.458,5.918,0.144,6.602,-0.6840000000000002,False,True
randomized_seed202-pos-008-delay-15ms-rep-1,randomized_seed202,8,15.0,1,validation,202,39.333,0.129,39.204,38.617,0.138,39.342,-0.7250000000000014,False,True
randomized_seed202-pos-009-delay-20ms-rep-1,randomized_seed202,9,20.0,1,validation,202,50.381,0.106,50.275,49.467,0.152,50.427,-0.9600000000000009,False,True
randomized_seed202-pos-010-delay-5ms-rep-1,randomized_seed202,10,5.0,1,validation,202,14.076,0.139,13.937000000000001,13.674,0.146,14.083000000000002,-0.4090000000000025,False,True
randomized_seed202-pos-011-delay-30ms-rep-2,randomized_seed202,11,30.0,2,validation,202,70.748,0.121,70.62700000000001,73.503,0.15,70.77700000000002,2.725999999999985,True,True
randomized_seed202-pos-012-delay-10ms-rep-2,randomized_seed202,12,10.0,2,validation,202,26.273,0.153,26.12,26.162,0.162,26.282,-0.120000000000001,False,True
randomized_seed202-pos-013-delay-5ms-rep-2,randomized_seed202,13,5.0,2,validation,202,14.273,0.125,14.148,14.022,0.143,14.291,-0.26900000000000013,False,True
randomized_seed202-pos-014-delay-35ms-rep-2,randomized_seed202,14,35.0,2,validation,202,80.726,0.126,80.6,80.673,0.145,80.74499999999999,-0.07199999999998852,True,True
randomized_seed202-pos-015-delay-25ms-rep-1,randomized_seed202,15,25.0,1,validation,202,61.408,0.138,61.27,61.785,0.153,61.423,0.36199999999999477,True,True
randomized_seed202-pos-016-delay-10ms-rep-3,randomized_seed202,16,10.0,3,validation,202,25.902,0.151,25.751,25.96,0.15,25.901,0.05900000000000105,False,True
randomized_seed202-pos-017-delay-25ms-rep-2,randomized_seed202,17,25.0,2,validation,202,62.638,0.122,62.516,60.952,0.141,62.657,-1.7049999999999983,True,True
randomized_seed202-pos-018-delay-25ms-rep-3,randomized_seed202,18,25.0,3,validation,202,61.353,0.163,61.190000000000005,60.173,0.134,61.324000000000005,-1.1510000000000034,True,True
randomized_seed202-pos-019-delay-40ms-rep-1,randomized_seed202,19,40.0,1,validation,202,90.724,0.132,90.592,89.236,0.125,90.717,-1.4809999999999945,True,True
randomized_seed202-pos-020-delay-15ms-rep-2,randomized_seed202,20,15.0,2,validation,202,39.344,0.124,39.22,39.307,0.149,39.369,-0.06199999999999761,False,True
randomized_seed202-pos-021-delay-40ms-rep-2,randomized_seed202,21,40.0,2,validation,202,91.641,0.133,91.50800000000001,92.165,0.136,91.644,0.5210000000000008,True,True
randomized_seed202-pos-022-delay-0ms-rep-3,randomized_seed202,22,0.0,3,validation,202,0.143,0.149,-0.006000000000000005,0.137,0.166,0.166,-0.028999999999999998,False,True
randomized_seed202-pos-023-delay-5ms-rep-3,randomized_seed202,23,5.0,3,validation,202,13.989,0.136,13.853000000000002,14.174,0.161,14.014000000000001,0.15999999999999837,False,True
randomized_seed202-pos-024-delay-35ms-rep-3,randomized_seed202,24,35.0,3,validation,202,81.871,0.139,81.732,83.067,0.155,81.887,1.1799999999999926,True,True
randomized_seed202-pos-025-delay-1ms-rep-2,randomized_seed202,25,1.0,2,validation,202,5.934,0.148,5.7860000000000005,6.131,0.122,5.908,0.22299999999999986,False,True
randomized_seed202-pos-026-delay-1ms-rep-3,randomized_seed202,26,1.0,3,validation,202,6.87,0.14,6.73,5.531,0.143,6.873,-1.3420000000000005,False,True
randomized_seed202-pos-027-delay-40ms-rep-3,randomized_seed202,27,40.0,3,validation,202,91.918,0.131,91.787,92.197,0.172,91.959,0.23799999999999955,True,True
randomized_seed202-pos-028-delay-20ms-rep-2,randomized_seed202,28,20.0,2,validation,202,50.778,0.124,50.653999999999996,49.722,0.149,50.803,-1.080999999999996,False,True
randomized_seed202-pos-029-delay-20ms-rep-3,randomized_seed202,29,20.0,3,validation,202,49.995,0.122,49.873,49.235,0.139,50.012,-0.777000000000001,False,True
randomized_seed202-pos-030-delay-15ms-rep-3,randomized_seed202,30,15.0,3,validation,202,39.672,0.128,39.544,38.415,0.144,39.687999999999995,-1.2729999999999961,False,True
randomized_seed202-pos-031-delay-2ms-rep-2,randomized_seed202,31,2.0,2,validation,202,7.996,0.16,7.836,8.015,0.152,7.988,0.027000000000000135,False,True
randomized_seed202-pos-032-delay-30ms-rep-3,randomized_seed202,32,30.0,3,validation,202,71.495,0.133,71.36200000000001,71.677,0.141,71.50300000000001,0.17399999999999238,True,True
randomized_seed202-pos-033-delay-2ms-rep-3,randomized_seed202,33,2.0,3,validation,202,7.655,0.143,7.5120000000000005,7.568,0.142,7.654000000000001,-0.08600000000000119,False,True
randomized_seed303-pos-001-delay-0ms-rep-1,randomized_seed303,1,0.0,1,validation,303,0.134,0.159,-0.024999999999999994,0.13,0.13,0.13,0.0,False,True
randomized_seed303-pos-002-delay-40ms-rep-1,randomized_seed303,2,40.0,1,validation,303,89.463,0.126,89.33699999999999,90.755,0.146,89.48299999999999,1.2720000000000056,True,True
randomized_seed303-pos-003-delay-40ms-rep-2,randomized_seed303,3,40.0,2,validation,303,91.151,0.136,91.015,91.766,0.152,91.167,0.5990000000000038,True,True
randomized_seed303-pos-004-delay-5ms-rep-1,randomized_seed303,4,5.0,1,validation,303,13.592,0.139,13.453000000000001,14.041,0.169,13.622000000000002,0.4189999999999987,False,True
randomized_seed303-pos-005-delay-5ms-rep-2,randomized_seed303,5,5.0,2,validation,303,13.863,0.133,13.73,14.099,0.158,13.888,0.2110000000000003,False,True
randomized_seed303-pos-006-delay-30ms-rep-1,randomized_seed303,6,30.0,1,validation,303,70.591,0.131,70.46,72.805,0.158,70.618,2.187000000000012,True,True
randomized_seed303-pos-007-delay-0ms-rep-2,randomized_seed303,7,0.0,2,validation,303,0.13,0.158,-0.027999999999999997,0.175,0.15,0.15,0.024999999999999994,False,True
randomized_seed303-pos-008-delay-10ms-rep-1,randomized_seed303,8,10.0,1,validation,303,26.578,0.144,26.434,26.321,0.143,26.577,-0.2560000000000002,False,True
randomized_seed303-pos-009-delay-25ms-rep-1,randomized_seed303,9,25.0,1,validation,303,62.228,0.137,62.091,60.737,0.146,62.237,-1.5,True,True
randomized_seed303-pos-010-delay-20ms-rep-1,randomized_seed303,10,20.0,1,validation,303,50.142,0.14,50.002,52.101,0.133,50.135000000000005,1.965999999999994,True,True
randomized_seed303-pos-011-delay-25ms-rep-2,randomized_seed303,11,25.0,2,validation,303,61.099,0.122,60.977,60.874,0.155,61.132,-0.25799999999999557,True,True
randomized_seed303-pos-012-delay-0ms-rep-3,randomized_seed303,12,0.0,3,validation,303,0.117,0.126,-0.008999999999999994,0.171,0.142,0.142,0.029000000000000026,False,True
randomized_seed303-pos-013-delay-10ms-rep-2,randomized_seed303,13,10.0,2,validation,303,26.528,0.14,26.387999999999998,26.541,0.157,26.544999999999998,-0.003999999999997783,False,True
randomized_seed303-pos-014-delay-35ms-rep-1,randomized_seed303,14,35.0,1,validation,303,78.807,0.13,78.677,80.585,0.147,78.82400000000001,1.7609999999999815,True,True
randomized_seed303-pos-015-delay-35ms-rep-2,randomized_seed303,15,35.0,2,validation,303,82.331,0.129,82.202,82.8,0.137,82.339,0.4609999999999985,True,True
randomized_seed303-pos-016-delay-1ms-rep-1,randomized_seed303,16,1.0,1,validation,303,6.574,0.13,6.444,6.235,0.154,6.598,-0.36299999999999955,False,True
randomized_seed303-pos-017-delay-5ms-rep-3,randomized_seed303,17,5.0,3,validation,303,14.03,0.139,13.891,13.775,0.155,14.046,-0.270999999999999,False,True
randomized_seed303-pos-018-delay-20ms-rep-2,randomized_seed303,18,20.0,2,validation,303,51.962,0.126,51.836000000000006,50.174,0.157,51.993,-1.8190000000000026,True,True
randomized_seed303-pos-019-delay-2ms-rep-1,randomized_seed303,19,2.0,1,validation,303,7.759,0.13,7.6290000000000004,7.601,0.15,7.779000000000001,-0.17800000000000082,False,True
randomized_seed303-pos-020-delay-35ms-rep-3,randomized_seed303,20,35.0,3,validation,303,82.221,0.123,82.098,79.748,0.154,82.252,-2.5039999999999907,True,True
randomized_seed303-pos-021-delay-2ms-rep-2,randomized_seed303,21,2.0,2,validation,303,7.798,0.145,7.6530000000000005,7.775,0.152,7.805000000000001,-0.03000000000000025,False,True
randomized_seed303-pos-022-delay-15ms-rep-1,randomized_seed303,22,15.0,1,validation,303,38.29,0.118,38.172,37.378,0.14,38.312,-0.9339999999999975,False,True
randomized_seed303-pos-023-delay-1ms-rep-2,randomized_seed303,23,1.0,2,validation,303,5.906,0.122,5.784,5.839,0.135,5.919,-0.07999999999999918,False,True
randomized_seed303-pos-024-delay-15ms-rep-2,randomized_seed303,24,15.0,2,validation,303,38.63,0.132,38.498000000000005,38.689,0.145,38.64300000000001,0.04599999999999227,False,True
randomized_seed303-pos-025-delay-15ms-rep-3,randomized_seed303,25,15.0,3,validation,303,37.679,0.128,37.551,38.058,0.15,37.701,0.3569999999999993,False,True
randomized_seed303-pos-026-delay-30ms-rep-2,randomized_seed303,26,30.0,2,validation,303,71.369,0.142,71.227,72.978,0.144,71.37100000000001,1.606999999999985,True,True
randomized_seed303-pos-027-delay-30ms-rep-3,randomized_seed303,27,30.0,3,validation,303,69.272,0.138,69.134,70.942,0.145,69.279,1.6629999999999967,True,True
randomized_seed303-pos-028-delay-25ms-rep-3,randomized_seed303,28,25.0,3,validation,303,61.259,0.128,61.131,61.124,0.145,61.276,-0.15200000000000102,True,True
randomized_seed303-pos-029-delay-40ms-rep-3,randomized_seed303,29,40.0,3,validation,303,91.921,0.148,91.77300000000001,92.767,0.156,91.92900000000002,0.8379999999999797,True,True
randomized_seed303-pos-030-delay-20ms-rep-3,randomized_seed303,30,20.0,3,validation,303,48.896,0.114,48.782000000000004,50.229,0.14,48.922000000000004,1.306999999999995,True,True
randomized_seed303-pos-031-delay-1ms-rep-3,randomized_seed303,31,1.0,3,validation,303,6.262,0.14,6.122,6.425,0.151,6.273,0.15200000000000014,False,True
randomized_seed303-pos-032-delay-10ms-rep-3,randomized_seed303,32,10.0,3,validation,303,26.008,0.147,25.861,26.278,0.147,26.008,0.2699999999999996,False,True
randomized_seed303-pos-033-delay-2ms-rep-3,randomized_seed303,33,2.0,3,validation,303,7.755,0.127,7.628,7.738,0.153,7.781,-0.04299999999999926,False,True
up_down-pos-001-delay-0ms-rep-1,up_down,1,0.0,1,validation,,0.141,0.13,0.010999999999999982,0.134,0.146,0.15699999999999997,-0.022999999999999965,False,True
up_down-pos-002-delay-1ms-rep-1,up_down,2,1.0,1,validation,,5.644,0.133,5.511,6.473,0.138,5.649,0.8239999999999998,False,True
up_down-pos-003-delay-2ms-rep-1,up_down,3,2.0,1,validation,,7.63,0.117,7.513,7.728,0.144,7.657,0.07099999999999973,False,True
up_down-pos-004-delay-5ms-rep-1,up_down,4,5.0,1,validation,,14.3,0.142,14.158000000000001,14.11,0.146,14.304000000000002,-0.19400000000000261,False,True
up_down-pos-005-delay-10ms-rep-1,up_down,5,10.0,1,validation,,25.815,0.118,25.697000000000003,26.072,0.15,25.847,0.22499999999999787,False,True
up_down-pos-006-delay-15ms-rep-1,up_down,6,15.0,1,validation,,39.111,0.135,38.976,37.891,0.144,39.12,-1.2289999999999992,False,True
up_down-pos-007-delay-20ms-rep-1,up_down,7,20.0,1,validation,,50.032,0.144,49.888,51.319,0.151,50.039,1.2800000000000011,True,True
up_down-pos-008-delay-25ms-rep-1,up_down,8,25.0,1,validation,,58.742,0.139,58.602999999999994,62.414,0.141,58.74399999999999,3.670000000000009,True,True
up_down-pos-009-delay-30ms-rep-1,up_down,9,30.0,1,validation,,71.051,0.142,70.909,70.389,0.164,71.07300000000001,-0.6840000000000117,True,True
up_down-pos-010-delay-35ms-rep-1,up_down,10,35.0,1,validation,,79.292,0.144,79.148,80.096,0.14,79.288,0.8080000000000069,True,True
up_down-pos-011-delay-40ms-rep-1,up_down,11,40.0,1,validation,,91.587,0.13,91.45700000000001,92.664,0.141,91.59800000000001,1.0659999999999883,True,True
up_down-pos-012-delay-35ms-rep-2,up_down,12,35.0,2,validation,,81.403,0.123,81.28,82.708,0.163,81.443,1.2650000000000006,True,True
up_down-pos-013-delay-30ms-rep-2,up_down,13,30.0,2,validation,,70.681,0.128,70.553,70.453,0.134,70.687,-0.23399999999999466,True,True
up_down-pos-014-delay-25ms-rep-2,up_down,14,25.0,2,validation,,62.786,0.12,62.666000000000004,60.272,0.136,62.80200000000001,-2.5300000000000082,True,True
up_down-pos-015-delay-20ms-rep-2,up_down,15,20.0,2,validation,,49.779,0.117,49.662000000000006,50.575,0.147,49.809000000000005,0.7659999999999982,True,True
up_down-pos-016-delay-15ms-rep-2,up_down,16,15.0,2,validation,,38.864,0.131,38.733,39.019,0.14,38.873,0.1460000000000008,False,True
up_down-pos-017-delay-10ms-rep-2,up_down,17,10.0,2,validation,,25.998,0.132,25.866,27.298,0.141,26.006999999999998,1.2910000000000004,False,True
up_down-pos-018-delay-5ms-rep-2,up_down,18,5.0,2,validation,,14.214,0.125,14.089,13.877,0.132,14.221,-0.3439999999999994,False,True
up_down-pos-019-delay-2ms-rep-2,up_down,19,2.0,2,validation,,7.73,0.125,7.605,7.52,0.143,7.748,-0.22800000000000065,False,True
up_down-pos-020-delay-1ms-rep-2,up_down,20,1.0,2,validation,,5.701,0.15,5.550999999999999,6.228,0.141,5.691999999999999,0.5360000000000005,False,True
up_down-pos-021-delay-0ms-rep-2,up_down,21,0.0,2,validation,,0.145,0.149,-0.0040000000000000036,0.182,0.139,0.139,0.04299999999999998,False,True
up_down-pos-022-delay-0ms-rep-3,up_down,22,0.0,3,validation,,0.122,0.135,-0.013000000000000012,0.133,0.144,0.144,-0.010999999999999982,False,True
up_down-pos-023-delay-1ms-rep-3,up_down,23,1.0,3,validation,,6.081,0.132,5.949000000000001,6.613,0.133,6.082000000000001,0.5309999999999997,False,True
up_down-pos-024-delay-2ms-rep-3,up_down,24,2.0,3,validation,,7.803,0.127,7.676,7.884,0.134,7.8100000000000005,0.07399999999999984,False,True
up_down-pos-025-delay-5ms-rep-3,up_down,25,5.0,3,validation,,14.007,0.126,13.881,13.716,0.122,14.003,-0.2870000000000008,False,True
up_down-pos-026-delay-10ms-rep-3,up_down,26,10.0,3,validation,,26.938,0.139,26.799,26.386,0.143,26.942,-0.5560000000000009,False,True
up_down-pos-027-delay-15ms-rep-3,up_down,27,15.0,3,validation,,37.844,0.125,37.719,38.818,0.141,37.86,0.9579999999999984,False,True
up_down-pos-028-delay-20ms-rep-3,up_down,28,20.0,3,validation,,48.744,0.121,48.623,49.321,0.136,48.759,0.5619999999999976,False,True
up_down-pos-029-delay-25ms-rep-3,up_down,29,25.0,3,validation,,61.595,0.139,61.455999999999996,61.798,0.139,61.595,0.20300000000000296,True,True
up_down-pos-030-delay-30ms-rep-3,up_down,30,30.0,3,validation,,71.709,0.127,71.58200000000001,72.393,0.144,71.72600000000001,0.6669999999999874,True,True
up_down-pos-031-delay-35ms-rep-3,up_down,31,35.0,3,validation,,82.967,0.133,82.834,80.574,0.151,82.985,-2.4110000000000014,True,True
up_down-pos-032-delay-40ms-rep-2,up_down,32,40.0,2,validation,,91.191,0.13,91.061,92.126,0.152,91.21300000000001,0.9129999999999967,True,True
up_down-pos-033-delay-35ms-rep-4,up_down,33,35.0,4,validation,,81.849,0.124,81.72500000000001,82.158,0.146,81.87100000000001,0.28699999999999193,True,True
up_down-pos-034-delay-30ms-rep-4,up_down,34,30.0,4,validation,,70.265,0.148,70.117,70.227,0.139,70.256,-0.028999999999996362,True,True
up_down-pos-035-delay-25ms-rep-4,up_down,35,25.0,4,validation,,60.858,0.133,60.724999999999994,61.384,0.185,60.91,0.47400000000000375,True,True
up_down-pos-036-delay-20ms-rep-4,up_down,36,20.0,4,validation,,51.479,0.159,51.32,50.115,0.156,51.476,-1.360999999999997,True,True
up_down-pos-037-delay-15ms-rep-4,up_down,37,15.0,4,validation,,37.205,0.129,37.076,39.168,0.134,37.21,1.9579999999999984,False,True
up_down-pos-038-delay-10ms-rep-4,up_down,38,10.0,4,validation,,26.474,0.12,26.354,26.971,0.136,26.49,0.48100000000000165,False,True
up_down-pos-039-delay-5ms-rep-4,up_down,39,5.0,4,validation,,13.715,0.136,13.579,13.999,0.135,13.714,0.28500000000000014,False,True
up_down-pos-040-delay-2ms-rep-4,up_down,40,2.0,4,validation,,8.024,0.134,7.889999999999999,8.081,0.143,8.033,0.04800000000000004,False,True
up_down-pos-041-delay-1ms-rep-4,up_down,41,1.0,4,validation,,6.223,0.127,6.096,6.005,0.138,6.234,-0.2290000000000001,False,True
up_down-pos-042-delay-0ms-rep-4,up_down,42,0.0,4,validation,,0.136,0.131,0.0050000000000000044,0.141,0.151,0.156,-0.015000000000000013,False,True
